scene,start_seconds,image,lyric_or_concept
1,0.000,img/01.webp,タイトル「じこくと じかん」
2,1.915,img/02.webp,にねんせいの むずかしい さんすう
3,5.346,img/03.webp,おとなも まちがう／かなりヤバい問題
4,8.537,img/04.webp,いまから おしえる／よーくきけ
5,11.011,img/05.webp,じこく＝なんじなんぷん／時計は止まる
6,15.798,img/06.webp,いま何時何分／今日起きたのは
7,18.830,img/07.webp,いつも寝るのは何時何分
8,20.824,img/08.webp,ぜんぶ時刻を聞いている
9,23.298,img/09.webp,時間＝時刻と時刻のあいだ
10,27.926,img/10.webp,スタートからストップまで
11,33.112,img/11.webp,勉強2時間
12,35.186,img/12.webp,あと10分で家に着く
13,37.420,img/13.webp,3分間でラーメン
14,40.053,img/14.webp,どの場面でも時計の針が動く
15,44.761,img/15.webp,別の言い方をするならば
16,47.394,img/16.webp,スマホのカメラを思い浮かべて
17,49.468,img/17.webp,時刻は写真でパシャッ
18,52.819,img/18.webp,一瞬だから動きません
19,54.973,img/19.webp,その時時計も動きません
20,57.287,img/20.webp,食べ始めたのは12時5分
21,62.473,img/21.webp,時間は動画で
22,63.750,img/22.webp,じーっと撮った
23,64.707,img/23.webp,その間ずっと動いています
24,67.181,img/24.webp,その時時計も動いています
25,69.654,img/25.webp,食べていたのは25分間
26,72.207,img/26.webp,時計の針は動いています
27,74.521,img/27.webp,でもちょっと待って？
28,76.037,img/28.webp,何時何分って時間じゃない？／今何時？
29,83.777,img/29.webp,約束の時間／それも間違いじゃない
30,93.830,img/30.webp,時間という言葉は意味が広い
31,98.936,img/31.webp,今回習った時刻は特別な言葉
32,107.394,img/32.webp,算数では時間＝長さ／気をつけて
33,116.569,img/33.webp,時刻＝何時何分・一瞬
34,121.356,img/34.webp,時間＝時の流れ・長さ
35,126.223,img/35.webp,二つの時刻の間の長さ
36,133.404,img/36.webp,朝起きたのは何時何分？→時刻
37,138.271,img/37.webp,昨日は何時間寝た？→時間
38,143.138,img/38.webp,歯磨きを始めたのは何時何分？→時刻
39,148.085,img/39.webp,歯磨きしたのは何分間？→時間
40,153.511,img/40.webp,じこくとじかん／違いは分かったかな？
